{
    "rmse": 0.7031220717465179,
    "mae": 0.55007404210316,
    "r2": 0.2939877752895109
}